<?xml version="1.0" encoding="UTF-8"?>
<project-private xmlns="http://www.netbeans.org/ns/project-private/1">
    <editor-bookmarks xmlns="http://www.netbeans.org/ns/editor-bookmarks/2" lastBookmarkId="0"/>
    <open-files xmlns="http://www.netbeans.org/ns/projectui-open-files/2">
        <group>
            <file>file:/C:/MAMP/htdocs/SWEProject/hedfot.css</file>
            <file>file:/C:/MAMP/htdocs/SWEProject/adminuserlogin.js</file>
            <file>file:/C:/MAMP/htdocs/SWEProject/signuppage.php</file>
            <file>file:/C:/MAMP/htdocs/SWEProject/AddCakePage.php</file>
            <file>file:/C:/MAMP/htdocs/SWEProject/viewcakeuserPage.php</file>
            <file>file:/C:/MAMP/htdocs/SWEProject/registration.php</file>
        </group>
    </open-files>
</project-private>
